<x:xmpmeta xmlns:x="adobe:ns:meta/">
   <rdf:RDF xmlns:rdf="http://www.w3.org/1999/02/22-rdf-syntax-ns#" xmlns:xmp="http://ns.adobe.com/xap/1.0/" xmlns:xmpDM="http://ns.adobe.com/xmp/1.0/DynamicMedia/" xmlns:xmpG="http://ns.adobe.com/xap/1.0/g/" xmlns:tsc="http://www.techsmith.com/xmp/tsc/" xmlns:xmpMM="http://ns.adobe.com/xap/1.0/mm/" xmlns:tscDM="http://www.techsmith.com/xmp/tscDM/" xmlns:tscIQ="http://www.techsmith.com/xmp/tscIQ/" xmlns:tscHS="http://www.techsmith.com/xmp/tscHS/" xmlns:stDim="http://ns.adobe.com/xap/1.0/sType/Dimensions#" xmlns:stFnt="http://ns.adobe.com/xap/1.0/sType/Font#" xmlns:exif="http://ns.adobe.com/exif/1.0" xmlns:dc="http://purl.org/dc/elements/1.1/">
      <rdf:Description tsc:version="2.0.0" dc:date="2013-11-22 07:02:14 AM" dc:source="Camtasia Studio,8.0.2,enu" dc:title="Example_Course" tscDM:firstFrame="Example_Course_First_Frame.png" tscDM:originId="5D4BB648-31CA-478E-855C-7027399B3E2B" tscDM:project="Example_Course">
         <xmpDM:duration xmpDM:scale="1/1000" xmpDM:value="219300"/>
         <xmpDM:videoFrameSize stDim:unit="pixel" stDim:h="720" stDim:w="1280"/>
         <tsc:langName>
            <rdf:Bag>
               <rdf:li xml:lang="en-US">English</rdf:li></rdf:Bag>
         </tsc:langName>
         <xmpDM:Tracks>
            <rdf:Bag>
               <rdf:li>
                  <rdf:Description xmpDM:trackType="Hotspot" xmpDM:frameRate="f1000" xmpDM:trackName="Hotspots">
                     <xmpDM:markers>
                        <rdf:Seq>
                           <rdf:li><rdf:Description xmp:label="1" xmpDM:startTime="204830" xmpDM:duration="6870" tscDM:boundingPoly="917,0;1040,0;1040,82;917,82;" tscDM:rotate="0.000000" tscHS:pause="1"/></rdf:li><rdf:li><rdf:Description xmp:label="2" xmpDM:startTime="186200" xmpDM:duration="4870" tscDM:boundingPoly="739,413;838,413;838,468;739,468;" tscDM:rotate="0.000000" tscHS:pause="1"/></rdf:li><rdf:li><rdf:Description xmp:label="3" xmpDM:startTime="191670" xmpDM:duration="5100" tscDM:boundingPoly="883,45;946,45;946,128;883,128;" tscDM:rotate="0.000000" tscHS:pause="1"/></rdf:li><rdf:li><rdf:Description xmp:label="4" xmpDM:startTime="186200" xmpDM:duration="4870" tscDM:boundingPoly="103,6;202,6;202,73;103,73;" tscDM:rotate="0.000000" tscHS:pause="1"/></rdf:li><rdf:li><rdf:Description xmp:label="5" xmpDM:startTime="191670" xmpDM:duration="5100" tscDM:boundingPoly="730,400;829,400;829,472;730,472;" tscDM:rotate="0.000000" tscHS:pause="1"/></rdf:li></rdf:Seq>
                     </xmpDM:markers>
                  </rdf:Description>
               </rdf:li>
               <rdf:li>
                  <rdf:Description xmpDM:trackType="TableOfContents" xmpDM:frameRate="f1000" xmpDM:trackName="Table of Contents">
                     <xmpDM:markers>
                        <rdf:Seq>
                           <rdf:li><rdf:Description xmpDM:name="Introduction" xmpDM:startTime="0" tscDM:image="Example_Course_Thumbnails.png" tscDM:imageindex="0" tscDM:imageoffset="0" tscDM:imagerect="0, 0, 75, 42"/></rdf:li><rdf:li><rdf:Description xmpDM:name="Inserting a Video" xmpDM:startTime="33667" tscDM:image="Example_Course_Thumbnails.png" tscDM:imageindex="1" tscDM:imageoffset="0" tscDM:imagerect="75, 0, 75, 42"/></rdf:li><rdf:li><rdf:Description xmpDM:name="Size a Video Frame" xmpDM:startTime="82400" tscDM:image="Example_Course_Thumbnails.png" tscDM:imageindex="2" tscDM:imageoffset="0" tscDM:imagerect="150, 0, 75, 42"/></rdf:li><rdf:li><rdf:Description xmpDM:name="Playback Options" xmpDM:startTime="126367" tscDM:image="Example_Course_Thumbnails.png" tscDM:imageindex="3" tscDM:imageoffset="0" tscDM:imagerect="225, 0, 75, 42"/></rdf:li><rdf:li><rdf:Description xmpDM:name="Quiz" xmpDM:startTime="177867" tscDM:image="Example_Course_Thumbnails.png" tscDM:imageindex="4" tscDM:imageoffset="0" tscDM:imagerect="300, 0, 75, 42"/></rdf:li></rdf:Seq>
                     </xmpDM:markers>
                  </rdf:Description>
               </rdf:li>
               <rdf:li>
                  <rdf:Description xmpDM:trackType="Quiz" xmpDM:frameRate="f1000" xmpDM:trackName="Quiz" tscIQ:quizGuid="F7176143-37A9-44AE-962D-5C4843A11193" tscIQ:authoredEmail="" tscIQ:requireUserId="0" tscIQ:reportMethod="NONE" tscIQ:clientId="1CDF22D874AC443FBBB68075B4AE31CD" tscIQ:quizHash="fda3c0a5bf25e8068bc9b3ebe880727c">
                     <xmpDM:markers>
                        <rdf:Seq>
                           <rdf:li><rdf:Description xmpDM:startTime="204600" tscIQ:feedback="1" tscIQ:questionSetName="Quiz 1"><tscIQ:questions><rdf:Seq><rdf:li><rdf:Description tscIQ:type="MC" tscIQ:id="0"><tscIQ:question>What can happen if you don't use the corner handles to adjust the size of the video frame?</tscIQ:question><tscIQ:correctAnswer>1</tscIQ:correctAnswer><tscIQ:answerArray><rdf:Seq><rdf:li><rdf:Description tscIQ:orderId="0"><tscIQ:answer>It can become blurry</tscIQ:answer></rdf:Description></rdf:li><rdf:li><rdf:Description tscIQ:orderId="1"><tscIQ:answer>It will work great</tscIQ:answer></rdf:Description></rdf:li><rdf:li><rdf:Description tscIQ:orderId="2"><tscIQ:answer>You won't be able to change the size</tscIQ:answer></rdf:Description></rdf:li></rdf:Seq></tscIQ:answerArray></rdf:Description></rdf:li></rdf:Seq></tscIQ:questions></rdf:Description></rdf:li></rdf:Seq>
                     </xmpDM:markers>
                     <tscIQ:QuizParams><rdf:Bag><rdf:li xmpDM:name="txtRequiredMessage" xmpDM:value="A first name, last name, and email address are required to take this quiz."/><rdf:li xmpDM:name="txtSkip" xmpDM:value="Watch Video Only - No Quiz"/><rdf:li xmpDM:name="txtBegin" xmpDM:value="Watch Video and Take Quiz"/><rdf:li xmpDM:name="txtFirstName" xmpDM:value="First"/><rdf:li xmpDM:name="txtLastName" xmpDM:value="Last"/><rdf:li xmpDM:name="txtEmail" xmpDM:value="Email"/><rdf:li xmpDM:name="txtReview" xmpDM:value="Replay Last Section"/><rdf:li xmpDM:name="txtAnswerQuestion" xmpDM:value="Take Quiz Now"/><rdf:li xmpDM:name="txtPrev" xmpDM:value="Previous"/><rdf:li xmpDM:name="txtNext" xmpDM:value="Next"/><rdf:li xmpDM:name="txtSubmit" xmpDM:value="Submit Answers"/><rdf:li xmpDM:name="txtContinue" xmpDM:value="Continue"/><rdf:li xmpDM:name="txtReviewAnswers" xmpDM:value="View Answers"/><rdf:li xmpDM:name="txtAutoResults" xmpDM:value="{{numberCorrect}} correct answer{{plural}}."/><rdf:li xmpDM:name="txtManualResults" xmpDM:value="{{numberUngraded}} question{{plural}} could not be scored."/><rdf:li xmpDM:name="txtAnswersSent" xmpDM:value="Your answers have been sent."/><rdf:li xmpDM:name="txtQuestionCount" xmpDM:value="{{currentQuestion}} of {{totalQuestions}}"/><rdf:li xmpDM:name="txtQuizFullscreenMode" xmpDM:value="Keyboard input is disabled in full screen mode. Press the ESC key to exit full screen mode."/><rdf:li xmpDM:name="txtDisabledLocalQuizReporting" xmpDM:value="Certain features in your video are currently disabled due to Local Network Security. These features work correctly when the video is played from a Website or Server."/><rdf:li xmpDM:name="txtErrorMessage" xmpDM:value="We're sorry, a network error has prevented the quiz from loading. The video is available to view. To try and reload the quiz, refresh the browser page or check your network connection."/><rdf:li xmpDM:name="txtLoaderMessageInstance" xmpDM:value="Please wait... the quiz is loading."/><rdf:li xmpDM:name="txtLoaderMessageDefinition" xmpDM:value="Please wait... the quiz is loading."/></rdf:Bag></tscIQ:QuizParams></rdf:Description>
               </rdf:li>
            </rdf:Bag>
         </xmpDM:Tracks>
         <tscDM:controller>
            <rdf:Description xmpDM:name="tscplayer">
               <tscDM:parameters>
                  <rdf:Bag>
                     <rdf:li xmpDM:name="autohide" xmpDM:value="false"/><rdf:li xmpDM:name="autoplay" xmpDM:value="false"/><rdf:li xmpDM:name="loop" xmpDM:value="false"/><rdf:li xmpDM:name="searchable" xmpDM:value="true"/><rdf:li xmpDM:name="captionsenabled" xmpDM:value="false"/><rdf:li xmpDM:name="sidebarenabled" xmpDM:value="false"/><rdf:li xmpDM:name="unicodeenabled" xmpDM:value="false"/><rdf:li xmpDM:name="backgroundcolor" xmpDM:value="000000"/><rdf:li xmpDM:name="sidebarlocation" xmpDM:value="left"/><rdf:li xmpDM:name="endaction" xmpDM:value="stop"/><rdf:li xmpDM:name="endactionparam" xmpDM:value="true"/></rdf:Bag>
               </tscDM:parameters>
               <tscDM:controllerText>
                  <rdf:Bag>
                     <rdf:li><rdf:Description xmp:label="searchText"><tscDM:localizedText><rdf:Alt><rdf:li xml:lang="en-US">Search</rdf:li></rdf:Alt></tscDM:localizedText></rdf:Description></rdf:li><rdf:li><rdf:Description xmp:label="resultText"><tscDM:localizedText><rdf:Alt><rdf:li xml:lang="en-US">Results Found</rdf:li></rdf:Alt></tscDM:localizedText></rdf:Description></rdf:li><rdf:li><rdf:Description xmp:label="searchFullscreenText"><tscDM:localizedText><rdf:Alt><rdf:li xml:lang="en-US">Search disabled in full screen mode</rdf:li></rdf:Alt></tscDM:localizedText></rdf:Description></rdf:li><rdf:li><rdf:Description xmp:label="replayButtonText"><tscDM:localizedText><rdf:Alt><rdf:li xml:lang="en-US">Replay</rdf:li></rdf:Alt></tscDM:localizedText></rdf:Description></rdf:li><rdf:li><rdf:Description xmp:label="localSecurityError"><tscDM:localizedText><rdf:Alt><rdf:li xml:lang="en-US">Certain features in your video are currently disabled due to Local Network Security. These features work correctly when the video is played from a Website or Server.</rdf:li></rdf:Alt></tscDM:localizedText></rdf:Description></rdf:li></rdf:Bag>
               </tscDM:controllerText>
            </rdf:Description>
         </tscDM:controller>
         <tscDM:contentList>
            <rdf:Description>
               <tscDM:files>
                  <rdf:Seq>
                     <rdf:li xmpDM:name="0" xmpDM:value="Example_Course.mp4"/><rdf:li xmpDM:name="1" xmpDM:value="Example_Course_First_Frame.png"/><rdf:li xmpDM:name="2" xmpDM:value="Example_Course_Thumbnails.png"/></rdf:Seq>
               </tscDM:files>
            </rdf:Description>
         </tscDM:contentList>
      </rdf:Description>
   </rdf:RDF>
</x:xmpmeta>